JobRole,Attrition_Flag
Senior Scientist,30.04484304932735
Sales Executive,28.37837837837838
Manager,26.42857142857143
Laboratory Technician,25.384615384615383
Research Scientist,22.31404958677686
Sales Representative,20.689655172413794
HR Executive,18.75
