,Age,MonthlyIncome,YearsAtCompany,JobSatisfaction,WorkLifeBalance,DistanceFromHome,Attrition_Flag
Age,1.0,-0.00355831605070483,-0.02615313659782839,-0.015727571911522777,-0.01105607877968657,-0.026289700010354012,-0.008786713150914458
MonthlyIncome,-0.00355831605070483,1.0,0.022417078969195956,-0.0017964530501956778,0.01653249857822493,-0.01937738377450051,-0.04434933585743817
YearsAtCompany,-0.02615313659782839,0.022417078969195956,1.0,0.029745674465816888,-0.04701738518639464,0.01854982957012418,0.015446572136109983
JobSatisfaction,-0.015727571911522777,-0.0017964530501956778,0.029745674465816888,1.0,0.020320797834961463,0.002692757368870409,-0.06197097522584451
WorkLifeBalance,-0.01105607877968657,0.01653249857822493,-0.04701738518639464,0.020320797834961463,1.0,-0.005669122963919147,-0.06649594800615571
DistanceFromHome,-0.026289700010354012,-0.01937738377450051,0.01854982957012418,0.002692757368870409,-0.005669122963919147,1.0,0.04823185510635383
Attrition_Flag,-0.008786713150914458,-0.04434933585743817,0.015446572136109983,-0.06197097522584451,-0.06649594800615571,0.04823185510635383,1.0
